종목명,최종점수,가치점수,우량점수,모멘텀점수(샤프+이익),샤프지수,거래대금(억)
SK스퀘어,0.8829,0.8787,0.7985,0.9741,3.26,12339
앤로보틱스,0.8599,0.8978,0.7627,0.9217,2.16,35
이수페타시스,0.8223,0.8542,0.7888,0.8263,1.87,1801
RF머트리얼즈,0.8156,0.846,0.6039,0.9993,3.48,190
피에스케이,0.8073,0.9441,0.7405,0.7398,2.75,862
주성엔지니어링,0.8002,0.8883,0.653,0.8617,2.37,8389
현대지에프홀딩스,0.7964,0.9292,0.72,0.7425,1.35,31
삼성전자,0.7836,0.8283,0.7047,0.8202,3.45,99316
코오롱생명과학,0.7825,0.9033,0.7239,0.7228,1.18,15
대원전선,0.7819,0.797,0.635,0.9162,2.28,691
삼영엠텍,0.7819,0.9237,0.7301,0.6941,1.29,15
네패스,0.7744,0.891,0.564,0.8706,2.05,182
샘씨엔에스,0.7724,0.9264,0.6076,0.7854,1.88,158
DKME,0.7694,0.9986,0.7157,0.596,1.06,18
일진전기,0.7596,0.6689,0.734,0.8781,2.46,465
엑시콘,0.7574,0.9114,0.581,0.782,1.82,98
산일전기,0.755,0.6172,0.7864,0.8638,2.26,865
비에이치아이,0.7454,0.8815,0.7124,0.6444,1.28,294
한국카본,0.743,0.7752,0.7456,0.7105,1.06,176
유진테크,0.7425,0.7643,0.7018,0.7636,2.1,482
테스,0.7421,0.5654,0.7497,0.9135,2.59,852
알멕,0.7415,0.8924,0.5224,0.812,2.08,134
한솔케미칼,0.7414,0.8134,0.7256,0.6873,1.84,243
이수스페셜티케미컬,0.7408,0.6362,0.7211,0.8672,1.72,183
어보브반도체,0.7389,0.9973,0.7174,0.5041,0.44,42
미래나노텍,0.7378,0.9523,0.7196,0.5436,0.53,10
ISC,0.7367,0.9101,0.6932,0.609,2.46,657
메디아나,0.7366,0.9796,0.6908,0.5416,1.81,22
대한전선,0.7353,0.6866,0.7027,0.8188,2.36,2163
파미셀,0.7334,0.7016,0.8217,0.6792,1,107
HPSP,0.7329,0.9632,0.7739,0.4639,1.28,4393
효성,0.7316,0.5368,0.7189,0.9414,2.21,96
고려아연,0.7313,0.8774,0.7064,0.6124,1.17,291
SK텔레콤,0.7299,0.906,0.6177,0.6683,1.9,2428
티에스이,0.7295,0.5341,0.6785,0.9782,3.02,343
아이티센글로벌,0.7281,0.6935,0.7471,0.7459,1.2,136
동진쎄미켐,0.7271,0.9741,0.6726,0.5368,1.27,593
삼성물산,0.7271,0.7875,0.682,0.7139,1.95,3020
넥스틸,0.7267,0.7997,0.7408,0.6417,0.86,64
HD현대중공업,0.7265,0.8106,0.6734,0.6975,1.05,3194
와이엠티,0.7261,0.9578,0.5967,0.626,0.89,34
HD현대,0.725,0.8093,0.6166,0.7514,1.73,507
삼지전자,0.7249,0.6567,0.7164,0.8038,3.09,283
세진중공업,0.7228,0.8025,0.7585,0.6097,0.81,32
LG씨엔에스,0.7212,0.9864,0.635,0.5443,0.56,3757
제주반도체,0.7206,0.8079,0.7088,0.6471,2.75,3895
PS일렉트로닉스,0.7202,0.6185,0.7146,0.8297,1.88,344
티씨케이,0.72,0.6608,0.7351,0.7663,2.14,232
삼양식품,0.72,0.9469,0.7867,0.4285,0.51,733
대원강업,0.7193,0.9946,0.7084,0.4571,0.86,56
RF시스템즈,0.7189,0.9278,0.6253,0.6056,1.65,41
와이지-원,0.7185,0.9837,0.6024,0.5715,1.96,134
다원넥스뷰,0.7151,0.9537,0.6823,0.5116,1.89,25
나우IB,0.715,0.9932,0.5076,0.6465,0.9,43
씨어스,0.7108,0.7398,0.512,0.8828,2.73,113
수산세보틱스,0.7106,0.8733,0.6992,0.5613,1.08,48
일동제약,0.7081,0.9251,0.5255,0.6757,1.16,39
엠디바이스,0.7079,0.7684,0.6837,0.6737,1.08,29
HD한국조선해양,0.7075,0.8747,0.7269,0.5232,0.55,1225
원익,0.7072,0.8651,0.6906,0.5681,0.74,19
케이씨텍,0.706,0.8297,0.6979,0.5926,1.99,139
우주일렉트로,0.705,0.9687,0.7103,0.438,0.59,27
LG전자,0.7047,0.6403,0.6218,0.8542,2.62,12158
한올바이오파마,0.7045,0.9087,0.5937,0.6131,1.24,392
삼성E&A,0.703,0.7302,0.7373,0.6437,1.86,1063
팬오션,0.7029,0.9401,0.585,0.5858,1.26,158
DL이앤씨,0.7023,0.9728,0.6286,0.5075,1.01,463
다산네트웍스,0.7012,0.7452,0.714,0.6465,0.97,14
코오롱인더,0.7009,0.8052,0.6559,0.6437,1.81,250
한국앤컴퍼니,0.7003,0.9373,0.7139,0.4516,0.96,60
DB하이텍,0.6994,0.6335,0.7098,0.7568,2.47,1455
에치에프알,0.6992,0.7929,0.6645,0.6424,1.07,139
SK하이닉스,0.6982,0.3038,0.8242,0.9687,3.6,115802
대한광통신,0.6978,0.9496,0.3039,0.842,3.41,3866
한화,0.6967,0.9809,0.4593,0.6519,0.98,330
오르비텍,0.696,0.3719,0.8462,0.8719,1.78,40
이랜텍,0.6959,0.955,0.5611,0.5736,1.58,49
대창,0.6957,0.8828,0.6912,0.515,0.53,20
리가켐바이오,0.6937,0.7098,0.6649,0.7084,1.23,660
에스앤에스텍,0.6914,0.6526,0.7487,0.6751,1.37,197
고영,0.6911,0.9223,0.666,0.4871,1.59,1043
남선알미늄,0.6893,0.7057,0.707,0.6574,0.91,46
한국피아이엠,0.6888,0.4482,0.6796,0.9407,2.35,149
달바글로벌,0.6887,0.6662,0.7377,0.6642,1.04,406
NICE평가정보,0.6873,0.9891,0.7505,0.3243,0.39,17
큐렉소,0.6858,0.718,0.6902,0.6512,0.95,47
NHN,0.6813,0.9659,0.5247,0.5552,0.82,139
네오오토,0.6804,0.7234,0.7197,0.6001,1.62,33
디바이스,0.6804,0.9005,0.5923,0.5504,2.81,102
한양디지텍,0.6803,0.7616,0.7092,0.5722,2.04,115
솔브레인,0.6789,0.7575,0.7221,0.5593,1.71,377
DB,0.6788,0.6512,0.7115,0.6757,1.1,38
라이콤,0.6768,0.8869,0.5011,0.6444,1.2,293
KBI메탈,0.6764,0.7003,0.5061,0.8249,1.99,251
LG에너지솔루션,0.675,0.9646,0.5815,0.4809,1,2484
우림피티에스,0.6749,0.842,0.6841,0.5007,1.71,28
에이블씨엔씨,0.6749,0.6962,0.7038,0.6267,1.51,10
삼천당제약,0.6741,0.9319,0.6226,0.47,1.45,650
싸이맥스,0.6736,0.5572,0.7238,0.7418,2.22,102
원익홀딩스,0.6731,0.4332,0.6863,0.9019,2.36,371
한화에어로스페이스,0.6729,0.8556,0.5479,0.6172,0.76,2810
코아스템켐온,0.6725,0.9591,0.4883,0.5722,0.92,30
대덕,0.6717,0.9196,0.5832,0.5143,2.55,30
동아엘텍,0.6713,0.7888,0.4634,0.7636,1.8,29
HD현대마린엔진,0.6712,0.6144,0.7418,0.6594,1.12,172
영풍,0.6689,0.5163,0.7831,0.7091,1.06,15
HEM파마,0.668,0.985,0.4365,0.5845,1.96,11
케이엠더블유,0.6678,0.748,0.5264,0.7309,1.68,240
강원에너지,0.6677,0.9142,0.486,0.6049,1.11,12
파이버프로,0.6667,0.594,0.731,0.6771,1.77,50
케이티앤지,0.6658,0.7139,0.7072,0.5783,1.56,673
한선엔지니어링,0.6657,0.5804,0.6632,0.7554,2.23,180
큐알티,0.6654,0.8365,0.6692,0.4925,0.94,14
스피어,0.6651,0.6553,0.7677,0.5743,1.99,807
두산,0.6635,0.936,0.5749,0.4816,1.85,2177
쎄트렉아이,0.661,0.4673,0.6804,0.8372,1.89,200
LS에코에너지,0.6604,0.4455,0.7761,0.7616,1.76,164
신세계인터내셔날,0.6603,0.9155,0.6797,0.3876,1.23,26
HDC,0.6595,0.9128,0.5955,0.4721,0.37,24
한미약품,0.6595,0.8065,0.7297,0.4441,1.21,983
삼현,0.6593,0.5177,0.7074,0.7548,2.09,203
아비코전자,0.6591,0.549,0.6851,0.7452,1.27,85
서부T&D,0.6581,0.861,0.5116,0.6035,1.12,73
비엠티,0.6575,0.6131,0.7198,0.6417,1.29,13
빛과전자,0.6572,0.7221,0.5411,0.7105,1.86,866
범한퓨얼셀,0.6567,0.8229,0.4809,0.6683,1.22,37
링크솔루션,0.6555,0.812,0.4761,0.6805,1.53,35
케어젠,0.6554,0.5981,0.7374,0.6328,1.89,97
티케이케미칼,0.6554,0.5695,0.7582,0.6403,0.9,10
LIG디펜스앤에어로스페이스,0.6546,0.7371,0.7049,0.5238,0.93,2198
오로스테크놀로지,0.6541,0.8529,0.5869,0.5245,0.71,73
SFA반도체,0.653,0.9169,0.576,0.468,1.94,1038
이엔에프테크놀로지,0.6525,0.6158,0.728,0.6158,0.93,62
워트,0.6524,0.8174,0.7045,0.4373,0.33,23
스맥,0.6524,0.8161,0.7206,0.4223,1.21,23
LB세미콘,0.6521,0.9428,0.538,0.4775,1.01,61
퓨릿,0.6505,0.5463,0.7281,0.6792,1.58,11
더블유게임즈,0.6503,0.9605,0.7193,0.2732,0.57,87
현대로템,0.6498,0.688,0.7932,0.47,0.34,1363
하나금융지주,0.6492,0.9877,0.3638,0.5981,1.41,1212
나노,0.6488,0.1676,0.8277,0.953,2.8,43
서진시스템,0.6481,0.7698,0.6357,0.5409,2.26,1845
한농화성,0.6469,0.733,0.6428,0.5668,0.8,26
JW신약,0.6466,0.5926,0.8462,0.5027,0.36,38
에이치엠넥스,0.6465,0.5913,0.6949,0.6553,2.47,122
SJG세종,0.6463,0.609,0.7079,0.624,1.18,19
에스에프에이,0.6459,0.9183,0.6945,0.327,0.99,46
미코,0.6455,0.6921,0.6532,0.5933,0.99,164
큐리옥스바이오시스템즈,0.6454,0.9782,0.4634,0.4966,1.49,113
KG스틸,0.645,0.6035,0.7102,0.6233,0.81,39
더존비즈온,0.6449,0.8311,0.6233,0.4823,1.66,36
롯데쇼핑,0.6445,0.7834,0.5867,0.5654,2.25,356
TCC스틸,0.6436,0.8856,0.5955,0.4516,0.39,18
에이피알,0.6434,0.2916,0.7448,0.8958,2.39,1171
HD건설기계,0.6434,0.8488,0.584,0.4993,1.57,596
클로봇,0.643,0.827,0.4202,0.6839,1.64,160
HD현대일렉트릭,0.642,0.327,0.7829,0.8181,2.07,2337
한솔테크닉스,0.642,0.4891,0.723,0.7159,1.63,170
삼성중공업,0.6415,0.5245,0.6355,0.7663,1.28,1598
LS마린솔루션,0.641,0.6049,0.6927,0.6274,0.92,90
LX인터내셔널,0.6408,0.7738,0.6002,0.5504,1.18,92
셀트리온,0.6407,0.6717,0.6814,0.5708,0.65,1223
CJ,0.6406,0.8515,0.5988,0.4734,1.13,410
GST,0.6394,0.4823,0.7198,0.718,2.22,251
녹십자웰빙,0.639,0.6649,0.7498,0.5041,0.4,14
시지메드텍,0.6387,0.5327,0.6809,0.7044,1.23,16
광동제약,0.6379,0.9959,0.6819,0.2377,0.8,13
그린리소스,0.6379,0.3706,0.7459,0.799,1.56,76
기아,0.6376,0.6294,0.7423,0.5429,1.46,2548
OCI홀딩스,0.637,0.9046,0.4954,0.5129,2.11,1276
코리아에프티,0.6365,0.6839,0.705,0.5225,0.93,14
효성중공업,0.636,0.3692,0.5858,0.955,3.13,2124
브이엠,0.6357,0.2984,0.6917,0.9189,2.55,580
국일제지,0.6337,0.7725,0.6747,0.4557,0.35,13
LG화학,0.6329,0.8011,0.5844,0.515,1.44,1434
아모텍,0.6325,0.4646,0.6972,0.7377,1.37,371
삼양엔씨켐,0.6324,0.4305,0.7296,0.7391,1.4,83
한스바이오메드,0.6322,0.4019,0.7146,0.782,1.52,80
이지바이오,0.6315,0.8256,0.5652,0.5054,0.96,11
전진건설로봇,0.6309,0.7943,0.7611,0.3392,0.6,42
펩트론,0.6307,0.9455,0.4974,0.451,0.83,536
현대자동차,0.6305,0.564,0.5822,0.7473,2.58,11903
엠플러스,0.6305,0.7793,0.5275,0.5865,1.53,27
유일로보틱스,0.6299,0.7466,0.5926,0.5525,0.8,91
한국정보통신,0.6288,0.7629,0.7172,0.408,0.65,18
한라IMS,0.6287,0.4796,0.7253,0.6832,1.55,23
LIG아큐버,0.6286,0.7384,0.5505,0.5988,1.67,63
지역난방공사,0.6282,0.8638,0.6256,0.3971,0.27,12
나노엔텍,0.6277,0.8624,0.6793,0.3433,0.92,21
재영솔루텍,0.6272,0.8678,0.5839,0.4319,1.65,41
에프앤가이드,0.6264,0.3474,0.7171,0.8168,2.34,27
한국토지신탁,0.6263,0.8351,0.4107,0.6349,0.86,12
GS글로벌,0.6243,0.8937,0.5881,0.3931,1.01,52
오리온,0.6237,0.6458,0.7197,0.5075,1.1,171
한미반도체,0.6236,0.3529,0.8462,0.6737,2.38,4844
풍산홀딩스,0.6234,0.8597,0.6956,0.3168,0.3,20
HL만도,0.6231,0.8474,0.5777,0.4462,1.54,759
제룡산업,0.6224,0.5136,0.7288,0.6267,1.01,39
타이거일렉,0.6214,0.3515,0.6957,0.8188,2.64,59
아모센스,0.6207,0.6226,0.4933,0.748,1.39,26
TYM,0.6204,0.6907,0.7131,0.4591,1.27,29
티엘비,0.62,0.2602,0.6651,0.9366,2.48,250
에스엠벡셀,0.6194,0.8406,0.6904,0.329,0.65,23
레인보우로보틱스,0.6188,0.8215,0.5877,0.4489,1.95,1248
덕산네오룩스,0.6184,0.8392,0.6092,0.4087,0.9,92
피델릭스,0.6183,0.6417,0.463,0.752,2.14,227
케이티,0.6177,0.7984,0.6261,0.4305,0.54,306
E1,0.6173,0.6771,0.5378,0.639,0.98,13
디엔에프,0.6171,0.9074,0.591,0.3549,1.32,18
저스템,0.6164,0.2589,0.7223,0.8699,2.14,249
한화엔진,0.6164,0.5967,0.5288,0.7255,1.8,560
솔루엠,0.6158,0.8801,0.6379,0.3311,1.1,77
SK,0.6155,0.3065,0.6339,0.908,2.11,1631
LS티라유텍,0.6155,0.9019,0.4715,0.4748,1.01,13
다우데이타,0.615,0.9346,0.5763,0.3358,0.71,27
현대오토에버,0.6149,0.5817,0.6115,0.6533,2.25,2385
메카로,0.6138,0.2153,0.7057,0.9223,2.08,22
에코프로비엠,0.6135,0.9387,0.4821,0.4217,1.55,1391
JW중외제약,0.6128,0.6989,0.7483,0.3931,0.92,17
센서뷰,0.6117,0.9564,0.2199,0.6608,1.4,192
파라다이스,0.6111,0.8583,0.6091,0.3678,0.51,122
헬릭스미스,0.6111,0.4932,0.5777,0.7643,1.71,33
화신,0.6101,0.6104,0.7375,0.4843,1.08,99
코세스,0.609,0.1975,0.7559,0.8753,2.49,58
지투지바이오,0.6082,0.7548,0.3334,0.7384,1.45,131
두산테스나,0.6082,0.8147,0.5016,0.5102,2.89,669
계양전기,0.6065,0.3406,0.5943,0.8862,2.28,124
미스토홀딩스,0.6062,0.7589,0.6332,0.4285,0.69,94
에스엘,0.6055,0.4755,0.7421,0.6008,1.75,195
자화전자,0.6054,0.5313,0.6921,0.5947,2.27,100
지노믹트리,0.6046,0.9414,0.5554,0.3188,0.58,15
헥토파이낸셜,0.6034,0.6635,0.6314,0.517,1.15,80
천일고속,0.6031,0.921,0.1762,0.7139,2.4,139
선진,0.6031,0.4741,0.8219,0.515,0.35,13
코미팜,0.6027,0.9305,0.5927,0.2868,1.07,27
코데즈컴바인,0.6026,0.4782,0.7041,0.6274,1.13,43
녹십자,0.6021,0.7084,0.6228,0.4768,0.39,93
한전KPS,0.6017,0.97,0.6863,0.1505,0.4,102
NC,0.6012,0.7044,0.6582,0.4428,1.26,556
신한지주,0.6011,0.7766,0.3636,0.6649,1.68,1631
디아이티,0.6002,0.47,0.7186,0.6138,1.28,52
신세계,0.6,0.5259,0.624,0.6519,2.89,721
LG이노텍,0.5992,0.5218,0.6154,0.6621,3.21,7872
파두,0.5981,0.6199,0.3615,0.8147,3.19,1852
미래반도체,0.5974,0.4714,0.5044,0.8181,1.9,124
케이엔솔,0.5971,0.6757,0.6656,0.4516,0.37,25
에이팩트,0.5965,0.5599,0.4711,0.7602,1.97,124
드림텍,0.5964,0.9332,0.6896,0.1683,0.35,44
엘티씨,0.595,0.1308,0.7277,0.9285,2.19,198
HJ중공업,0.5945,0.6785,0.5686,0.5381,1.91,206
미래에셋벤처투자,0.5938,0.9918,0.2389,0.5525,2.54,1842
지구홀딩스,0.5936,0.7316,0.3337,0.7173,1.79,14
NH투자증권,0.5934,0.8665,0.3645,0.5511,1.41,365
SK오션플랜트,0.5931,0.8038,0.6809,0.2963,0.39,224
현대제철,0.5929,0.9905,0.5093,0.2807,1.19,428
와이투솔루션,0.5917,0.6744,0.6829,0.4196,1.42,22
롯데웰푸드,0.5903,0.8706,0.5941,0.3079,0.19,22
포스코스틸리온,0.5897,0.451,0.715,0.6049,1.37,30
제이에스링크,0.5893,0.9714,0.3509,0.4475,2.19,80
마이크로컨텍솔,0.5883,0.2698,0.779,0.718,1.32,53
삼성SDI,0.5882,0.7262,0.5157,0.5245,2.6,4392
와이씨,0.5881,0.8433,0.5931,0.3297,1.29,157
나무가,0.5869,0.5286,0.7645,0.4693,1.08,16
KG에코솔루션,0.5868,0.8951,0.6818,0.1853,0.31,16
현대건설,0.5853,0.639,0.5943,0.5245,1.45,1414
삼영전자공업,0.5851,0.5954,0.6854,0.4762,0.81,27
하나머티리얼즈,0.5848,0.3638,0.6846,0.7078,1.95,200
하나마이크론,0.584,0.3733,0.4731,0.9074,2.65,1125
농심,0.5826,0.782,0.7032,0.2643,0.2,111
대한항공,0.5814,0.8896,0.5177,0.3386,0.73,708
한화시스템,0.5803,0.6485,0.691,0.4033,0.99,916
이노션,0.579,0.8569,0.6332,0.2486,0.62,57
아모그린텍,0.5788,0.2262,0.6617,0.8501,1.71,28
한화오션,0.5783,0.5831,0.5629,0.5906,0.77,2168
삼영,0.5778,0.2071,0.7242,0.8038,2.03,167
에코프로머티,0.5776,0.6812,0.5568,0.4966,1,332
DSC인베스트먼트,0.5774,0.9673,0.4512,0.3154,1.14,159
오이솔루션,0.5771,0.5708,0.4522,0.7098,2.15,201
LG디스플레이,0.5766,0.7193,0.3758,0.6362,1.15,2772
SP삼화,0.5754,0.9755,0.5883,0.1642,0.71,13
현대모비스,0.5752,0.3174,0.7007,0.7091,1.86,7020
넥센타이어,0.575,0.8324,0.5958,0.2984,0.41,14
지오엘리먼트,0.5749,0.5095,0.7182,0.4986,0.91,10
AJ네트웍스,0.5746,0.8447,0.5,0.3808,0.77,11
한전산업,0.5744,0.7602,0.6583,0.3065,0.46,33
아이에스동서,0.5743,0.8842,0.5904,0.25,0.92,33
아이로보틱스,0.574,0.7357,0.5868,0.4012,1.53,569
HD현대마린솔루션,0.5715,0.6253,0.6979,0.3931,0.38,747
에이엘티,0.5707,0.6948,0.421,0.5981,1.63,26
코스모신소재,0.5695,0.6499,0.6774,0.3828,1.17,101
한국쉘석유,0.5691,0.4619,0.7525,0.4946,0.98,17
수산인더스트리,0.5686,0.6853,0.7014,0.3208,0.51,11
오리온홀딩스,0.5683,0.5858,0.7038,0.4169,0.99,54
큐리언트,0.5679,0.7248,0.4044,0.5763,1.63,42
서호전기,0.5677,0.4632,0.8234,0.4183,0.27,10
에스원,0.5673,0.6676,0.7145,0.3215,0.43,85
오킨스전자,0.5673,0.2738,0.5788,0.8508,1.88,147
HD현대에너지솔루션,0.5663,0.2725,0.591,0.8372,2.01,701
에코프로,0.5662,0.4155,0.4851,0.7997,1.9,1967
심텍홀딩스,0.5658,0.7956,0.2413,0.6621,1.86,55
케이에스피,0.564,0.7861,0.7175,0.1901,0.4,14
툴젠,0.5639,0.5409,0.4585,0.6941,1.9,40
에이치브이엠,0.5638,0.2902,0.6467,0.7561,1.92,488
씨아이에스,0.5634,0.3842,0.7206,0.5872,1.35,167
기업은행,0.5617,0.8992,0.3606,0.4271,0.86,388
원익IPS,0.5611,0.2357,0.5869,0.8624,2.34,1822
케이씨,0.5597,0.3093,0.721,0.6505,1.24,12
포스코DX,0.5596,0.545,0.7383,0.3971,0.95,356
HL홀딩스,0.5595,0.8379,0.6562,0.186,0.63,19
제일일렉트릭,0.559,0.53,0.6977,0.451,0.92,54
코스모화학,0.559,0.6349,0.5941,0.4496,0.44,26
이녹스첨단소재,0.559,0.5422,0.6486,0.4877,0.84,78
화신정공,0.5582,0.3079,0.7028,0.6655,1.28,340
엘앤에프,0.5581,0.767,0.2175,0.6914,2.02,866
SNT에너지,0.5577,0.6444,0.7163,0.314,0.42,65
에스티큐브,0.5573,0.7561,0.2757,0.6417,1.62,63
한화솔루션,0.5567,0.6621,0.4918,0.5177,0.68,754
셀트리온제약,0.5566,0.4918,0.7013,0.4782,0.32,51
SK네트웍스,0.5553,0.7493,0.5007,0.4176,1.72,3151
HK이노엔,0.5553,0.4986,0.6941,0.4748,0.59,87
프로텍,0.5552,0.0518,0.6835,0.9319,2.44,76
티씨머티리얼즈,0.5547,0.6703,0.7236,0.2718,0.64,235
가온전선,0.5538,0.248,0.5494,0.8658,2.42,648
씨앤지하이테크,0.5538,0.2221,0.7305,0.7105,1.21,24
셀레믹스,0.5528,0.752,0.4454,0.4625,2.25,23
월덱스,0.5521,0.5872,0.698,0.3726,0.91,33
한화생명,0.5514,0.8501,0.3562,0.4496,1.14,431
해성디에스,0.5511,0.455,0.6727,0.5272,2.15,259
피에스케이홀딩스,0.5509,0.2643,0.7314,0.6587,2.19,408
HLB이노베이션,0.55,0.7847,0.531,0.3358,1.53,41
NHN KCP,0.5496,0.4387,0.7336,0.4782,1.26,74
한국타이어앤테크놀로지,0.5485,0.4946,0.6356,0.517,1.32,373
DL,0.5477,1,0.4601,0.1846,0.82,59
PKC,0.5476,0.6376,0.6267,0.3801,0.33,76
현대무벡스,0.5475,0.3951,0.6585,0.5906,2.95,978
엘에스일렉트릭,0.5459,0.342,0.591,0.7064,2.77,3199
토모큐브,0.5458,0.7275,0.4536,0.4578,1.13,35
한국항공우주,0.5442,0.658,0.4803,0.4959,1.28,975
GS피앤엘,0.5441,0.5504,0.5863,0.4973,1.12,60
메가터치,0.544,0.8338,0.4791,0.3208,1.39,42
루미르,0.544,0.7507,0.5804,0.3025,1.02,33
엠케이전자,0.541,0.1798,0.5552,0.8896,2.15,388
에이플러스에셋,0.5407,0.3801,0.5923,0.6512,1.4,10
로보티즈,0.5403,0.0204,0.6907,0.9114,2.47,1294
리노공업,0.5402,0.1471,0.7518,0.7234,1.66,1620
이오테크닉스,0.5399,0.1431,0.7104,0.7677,1.98,1030
비츠로셀,0.5389,0.1131,0.7469,0.7582,2.43,323
한컴위드,0.5386,0.1948,0.7163,0.7064,1.18,69
애경케미칼,0.5385,0.5777,0.5926,0.4469,0.79,45
한솔아이원스,0.5379,0.2929,0.763,0.5593,1.1,47
로보로보,0.5373,0.7916,0.5871,0.235,0.96,32
삼성생명,0.5369,0.5232,0.3569,0.7323,2.3,2108
현대백화점,0.5363,0.2657,0.6944,0.6505,1.47,342
동양이엔피,0.5363,0.6213,0.7325,0.2568,0.41,12
미래산업,0.5363,0.579,0.6724,0.359,1.26,149
비츠로테크,0.5357,0.3883,0.702,0.5184,1.17,49
컴퍼니케이,0.5349,0.7534,0.4264,0.4264,0.86,31
켐트로스,0.5347,0.7289,0.682,0.1948,0.63,11
아이엘,0.5343,0.5749,0.5998,0.4298,1.58,121
현대글로비스,0.5342,0.2616,0.6403,0.7023,1.67,864
HB테크놀러지,0.5336,0.6076,0.5922,0.4026,1.46,121
효성티앤씨,0.5335,0.6431,0.5332,0.4257,1.32,111
RFHIC,0.5332,0.3542,0.6912,0.5559,2.25,379
현대에버다임,0.533,0.673,0.5869,0.3406,0.27,21
가온그룹,0.5325,0.203,0.5881,0.8079,1.68,83
PI첨단소재,0.5322,0.2548,0.6337,0.7098,1.16,34
한중엔시에스,0.5321,0.4578,0.4765,0.6635,1.48,66
LG,0.5318,0.1444,0.7061,0.7466,1.63,1927
인텍플러스,0.5309,0.8188,0.2823,0.4932,2.06,265
지앤비에스 에코,0.5302,0.4319,0.6883,0.4721,1.59,81
태광,0.5299,0.5041,0.6988,0.3883,1.09,83
에이티넘인베스트,0.5299,0.6594,0.6858,0.2459,0.57,35
코오롱티슈진,0.5297,0.4959,0.5424,0.5525,1.85,473
광전자,0.5288,0.2561,0.6873,0.6444,2.28,807
한빛레이저,0.5287,0.9619,0.5182,0.1076,0.69,57
STX엔진,0.5284,0.1894,0.6577,0.7398,1.26,214
동국제약,0.528,0.4809,0.7136,0.391,0.89,100
제이오,0.5268,0.7071,0.6746,0.2003,0.62,29
휴림로봇,0.5256,0.1172,0.5921,0.8692,2.34,692
포스코퓨처엠,0.5247,0.4523,0.5749,0.5484,1.48,677
퍼스텍,0.5246,0.0627,0.6518,0.861,1.73,168
케이엔제이,0.5226,0.2166,0.6825,0.6703,1.38,51
티케이지휴켐스,0.5222,0.5763,0.6983,0.2936,0.87,38
라온로보틱스,0.5221,0.7439,0.4506,0.3733,1.42,207
디케이티,0.5217,0.2493,0.7082,0.609,2.49,85
DB증권,0.5208,0.7112,0.35,0.5027,1.2,14
인바디,0.5204,0.3202,0.7128,0.53,1.48,37
한국공항,0.5203,0.4605,0.7213,0.3808,0.87,23
부광약품,0.5175,0.4877,0.4661,0.6001,0.96,33
대한해운,0.517,0.5613,0.6085,0.3828,0.97,108
지아이에스,0.5167,0.9823,0.4657,0.1035,0.51,55
소룩스,0.5162,0.951,0.5044,0.0947,0.45,413
동양고속,0.5152,0.3787,0.4941,0.6744,2.36,289
SK이터닉스,0.5146,0.297,0.5196,0.7289,1.31,1243
퀄리타스반도체,0.5143,0.6826,0.4239,0.438,0.82,77
코스맥스엔비티,0.5135,0.485,0.4583,0.5988,1.04,19
에프엔에스테크,0.5132,0.0436,0.6576,0.8399,1.58,61
키움증권,0.5125,0.5845,0.3906,0.564,1.42,559
세명전기,0.5117,0.1907,0.7204,0.6253,0.97,39
이마트,0.5114,0.3815,0.5806,0.5736,0.78,213
쏘카,0.5109,0.6894,0.3816,0.4632,0.52,14
디아이,0.51,0.1349,0.6724,0.7241,1.15,125
SK디스커버리,0.5097,0.4768,0.5646,0.4891,0.29,11
원익머트리얼즈,0.5085,0.0967,0.7124,0.718,1.74,31
핑거,0.5083,0.1635,0.6722,0.6907,1.12,29
지투파워,0.5081,0.8243,0.5824,0.1192,0.55,51
강스템바이오텍,0.5078,0.5477,0.3819,0.5954,1.76,19
세아홀딩스,0.5078,0.4537,0.6093,0.4619,1.11,16
네오티스,0.5075,0.0899,0.7024,0.7316,3.25,61
현대홈쇼핑,0.5073,0.3678,0.6864,0.4693,1.6,12
씨에스윈드,0.5067,0.3379,0.6762,0.5075,0.41,224
유니테스트,0.5064,0.5354,0.4323,0.5531,1.02,42
뉴파워프라즈마,0.5056,0.4087,0.6717,0.438,1.55,108
제우스,0.5052,0.7425,0.6124,0.1621,0.45,60
에스피지,0.5049,0.0422,0.6914,0.7827,2.37,420
GS리테일,0.5044,0.4428,0.5699,0.502,1.92,55
신영증권,0.5039,0.5736,0.375,0.5647,1.02,50
신세계I&C,0.5038,0.3896,0.709,0.4142,0.53,48
대주전자재료,0.5034,0.1417,0.7188,0.6512,1.51,508
오로라,0.5031,0.2316,0.6117,0.6676,1.44,19
드림시큐리티,0.5029,0.6798,0.5253,0.3052,0.99,260
POSCO홀딩스,0.5029,0.376,0.6164,0.5177,1.64,1968
SK증권,0.5019,0.361,0.3289,0.8174,1.77,317
성우하이텍,0.5019,0.2943,0.6511,0.562,1.02,43
대신증권,0.5011,0.6022,0.3596,0.5429,0.94,47
후성,0.5007,0.2439,0.5233,0.7364,1.54,1053
휴온스,0.4996,0.3351,0.6848,0.4802,0.87,29
제닉스로보틱스,0.4983,0.6308,0.5848,0.2807,1.05,147
롯데케미칼,0.4981,0.7902,0.5225,0.1832,0.9,134
DN오토모티브,0.4981,0.1771,0.6293,0.6894,1.82,92
대한유화,0.497,0.1267,0.6737,0.6921,1.2,58
덕산테코피아,0.4965,0.8692,0.3433,0.2786,1.04,40
한국전력공사,0.4965,0.3229,0.5488,0.6192,0.89,981
삼성증권,0.4954,0.5204,0.378,0.5892,1.51,766
한솔홀딩스,0.4951,0.3052,0.6876,0.4939,0.64,35
한양이엔지,0.4946,0.3597,0.6964,0.4292,1.36,52
삼아알미늄,0.4941,0.5191,0.4953,0.4693,2.32,225
티에프이,0.4936,0.1567,0.5932,0.7323,1.62,70
케이아이엔엑스,0.4934,0.3134,0.6588,0.5095,0.83,15
티움바이오,0.4934,0.7343,0.2201,0.5272,1.31,34
코칩,0.4932,0.4973,0.673,0.3106,0.76,464
세아제강,0.493,0.6008,0.6734,0.2064,0.34,20
보령,0.4926,0.6322,0.67,0.1771,0.64,13
삼성전기,0.4925,0.0831,0.6971,0.6989,4.15,27235
케이엔알시스템,0.4923,0.3856,0.4592,0.6335,1.72,10
성우,0.4922,0.654,0.6832,0.141,0.28,14
OCI,0.4922,0.5545,0.485,0.4387,1.79,87
KG모빌리티,0.4903,0.7125,0.5867,0.173,0.59,38
현대차증권,0.4901,0.5272,0.3429,0.6015,1,22
삼성에스디에스,0.4899,0.4278,0.6761,0.3672,0.66,3014
BGF,0.4896,0.5531,0.6747,0.2425,0.71,12
대우건설,0.4891,0.3665,0.4492,0.6533,2.67,3132
세보엠이씨,0.4887,0.1362,0.7332,0.5981,2.03,12
KEC,0.4874,0.5054,0.585,0.3733,1.53,119
iM금융지주,0.4871,0.4101,0.3639,0.6887,1.52,129
상신이디피,0.4868,0.4237,0.5634,0.4748,2.03,63
에브리봇,0.4866,0.7807,0.4993,0.1812,0.35,11
에스에이엠티,0.4854,0.049,0.718,0.6907,3.19,408
한일철강,0.4854,0.1662,0.5945,0.6969,1.29,20
디앤디파마텍,0.4853,0.7779,0.2885,0.391,1.3,1610
KB금융,0.4853,0.4169,0.3681,0.6723,1.31,2453
일진홀딩스,0.4852,0.0109,0.6771,0.7691,1.8,28
성호전자,0.4851,0.3283,0.548,0.5804,3.99,2168
모비스,0.4849,0.5123,0.326,0.6178,1.02,13
에스티팜,0.4844,0.4183,0.6625,0.374,1.28,168
켐트로닉스,0.484,0.3338,0.6825,0.4373,1,89
두산에너빌리티,0.4837,0.5627,0.5091,0.3808,1.4,3561
코미코,0.4835,0.1594,0.678,0.6144,1.54,338
롯데정밀화학,0.483,0.3774,0.691,0.3822,1.22,36
포스코인터내셔널,0.482,0.3188,0.6233,0.5054,1.05,399
한국첨단소재,0.4813,0.9768,0.35,0.1185,0.67,218
우리기술,0.4795,0.5886,0.4125,0.4387,2.14,835
퓨쳐켐,0.4793,0.7166,0.5177,0.205,0.34,18
AP시스템,0.4793,0.4469,0.6061,0.3862,1.14,26
LG유플러스,0.4792,0.3488,0.6006,0.4898,0.91,303
에스바이오메딕스,0.4786,0.8202,0.2602,0.3569,0.69,29
서울바이오시스,0.4778,0.5082,0.2415,0.6853,2.2,95
현대비앤지스틸,0.4778,0.5436,0.5916,0.2997,0.87,19
삼진제약,0.4768,0.4128,0.6956,0.3236,0.21,116
에스비비테크,0.4768,0.3311,0.35,0.7507,2.04,125
동국홀딩스,0.4759,0.4264,0.6729,0.3297,1.12,19
한화비전,0.4747,0.5681,0.4773,0.3801,0.73,457
남해화학,0.4737,0.4292,0.7128,0.2807,0.33,42
F&F,0.4734,0.391,0.7575,0.2732,0.48,89
차바이오텍,0.4734,0.7153,0.4045,0.3018,0.96,52
BGF리테일,0.4732,0.5518,0.5926,0.2766,0.75,124
솔브레인홀딩스,0.4731,0.406,0.685,0.3297,0.92,46
지놈앤컴퍼니,0.473,0.3937,0.3863,0.6403,1.5,51
한화투자증권,0.4726,0.876,0.3567,0.1866,0.41,117
피에스텍,0.4722,0.3747,0.6068,0.4366,1.33,14
에스케이바이오팜,0.4719,0.2425,0.7231,0.4516,0.37,461
필옵틱스,0.4714,0.7411,0.5627,0.1117,0.57,146
티이엠씨,0.4713,0.1281,0.6973,0.5899,2.22,412
한화갤러리아,0.471,0.5109,0.5154,0.3883,1.64,104
두산퓨얼셀,0.471,0.5068,0.4492,0.4584,2.3,645
두산로보틱스,0.4698,0.4223,0.5559,0.4326,1.88,3499
피노,0.4692,0.703,0.2741,0.4319,2.03,228
에이스테크,0.4691,0.4441,0.5383,0.4264,1,15
서울반도체,0.467,0.5027,0.5318,0.3678,1.6,194
금호타이어,0.4665,0.3569,0.6578,0.3862,0.6,39
유니셈,0.4657,0.2248,0.7009,0.4728,1.33,66
이지홀딩스,0.4646,0.4591,0.6283,0.3079,0.73,18
에이비엘바이오,0.4625,0.7711,0.35,0.2677,1.05,475
SKC,0.4619,0.8965,0.3286,0.1621,0.83,1323
아이센스,0.4619,0.282,0.575,0.53,0.44,15
영원무역홀딩스,0.4619,0.2711,0.6206,0.4952,1.26,36
페니트리움바이오,0.4611,0.6267,0.275,0.483,2.07,92
LS증권,0.4608,0.6117,0.345,0.4271,1.09,14
오스코텍,0.4607,0.4114,0.4919,0.4802,1.23,124
씨메스로보틱스,0.4605,0.6281,0.4701,0.2847,0.8,22
포스코엠텍,0.46,0.5014,0.5843,0.2956,1.16,27
코리아써키트,0.4597,0.0327,0.4853,0.8624,3.18,491
하림지주,0.4591,0.158,0.607,0.6138,0.76,85
세아베스틸지주,0.4591,0.2766,0.5668,0.5354,1.95,205
LS,0.4586,0.0545,0.523,0.7997,2.01,1301
쏠리드,0.4582,0.2629,0.6867,0.4264,1.49,511
성도이엔지,0.4579,0.0586,0.6299,0.6866,1.78,21
경인양행,0.4578,0.218,0.6881,0.4687,1.24,40
코리안리,0.4559,0.3869,0.3676,0.6144,1.1,101
이구산업,0.4557,0.03,0.7213,0.6172,0.81,26
아스트,0.4551,0.3011,0.5349,0.5307,0.68,11
KX하이텍,0.4549,0.3256,0.6454,0.3951,1.05,105
보성파워텍,0.4539,0.0082,0.6914,0.6635,1.95,146
원익QnC,0.4539,0.2234,0.5993,0.5402,1.65,195
영원무역,0.4539,0.2807,0.6007,0.4816,1.18,71
엘케이켐,0.4532,0.3992,0.684,0.2779,0.92,33
켄코아에어로스페이스,0.4518,0.1689,0.5925,0.5954,1,689
오리엔탈정공,0.4513,0.124,0.7736,0.4578,0.52,13
테크윙,0.4507,0.2411,0.5313,0.5811,0.95,1605
AP위성,0.4504,0.5995,0.5937,0.1594,0.57,82
유성티엔에스,0.4499,0.2139,0.7073,0.4298,1.4,21
태웅,0.4496,0.4251,0.6751,0.25,0.84,69
세아메카닉스,0.4496,0.3651,0.5857,0.3992,1.62,107
쓰리빌리언,0.4494,0.5722,0.3844,0.3931,0.72,19
안국약품,0.4493,0.4864,0.6156,0.2473,0.7,54
로보스타,0.4493,0.3624,0.5548,0.4319,2.03,1206
현대약품,0.4489,0.4905,0.5423,0.3154,1.38,150
미래에셋증권,0.4483,0.1812,0.3559,0.8093,2.11,1999
진성티이씨,0.4482,0.0763,0.7125,0.5572,1.06,37
LX하우시스,0.4449,0.624,0.5126,0.1996,0.78,14
유비쿼스,0.4449,0.2003,0.6834,0.4523,1.4,14
네패스아크,0.4438,0.3965,0.4771,0.4591,2.13,236
제룡전기,0.4437,0.1213,0.7969,0.4142,1.13,150
태성,0.4435,0.4659,0.5029,0.3631,1.44,205
SK가스,0.4417,0.0913,0.5927,0.6424,0.93,47
한섬,0.4409,0.1076,0.6927,0.5238,1.46,28
대성산업,0.44,0.1989,0.5728,0.5497,1.08,34
GS건설,0.4397,0.6063,0.475,0.2391,0.86,429
동양생명,0.4384,0.7207,0.373,0.2228,0.49,14
토비스,0.4369,0.1962,0.7268,0.389,0.99,10
HLB,0.4362,0.8719,0.4019,0.0361,0.32,466
모베이스전자,0.4359,0.1921,0.5521,0.5647,1.73,66
알루코,0.4349,0.2956,0.7181,0.2922,0.49,23
에이디테크놀로지,0.4347,0.4346,0.5037,0.3672,1.61,98
덕산하이메탈,0.4342,0.3147,0.4838,0.5054,2.15,241
현대그린푸드,0.434,0.2752,0.7357,0.2922,0.2,10
삼보모터스,0.4334,0.1485,0.6612,0.4918,0.74,30
삼표시멘트,0.4333,0.3392,0.5042,0.4578,1.99,243
이랜시스,0.4325,0.1104,0.7177,0.4707,0.94,96
에프에스티,0.432,0.0504,0.535,0.7119,1.32,55
솔루스첨단소재,0.4317,0.5899,0.5456,0.1608,0.8,92
제이아이테크,0.4307,0.1703,0.6647,0.4584,0.66,13
하이록코리아,0.4306,0.2534,0.7161,0.3236,0.78,17
성일하이텍,0.4296,0.515,0.2936,0.4816,1.59,49
SK이노베이션,0.4295,0.5586,0.3947,0.3365,0.86,611
미래에셋생명,0.4291,0.436,0.3376,0.515,1.54,577
롯데지주,0.4284,0.7657,0.4916,0.0293,0.31,101
피엔티,0.428,0.2466,0.6816,0.3569,1.13,80
유안타증권,0.4274,0.5381,0.3305,0.4149,1.37,59
천보,0.4253,0.0572,0.6729,0.547,0.78,33
인벤티지랩,0.4251,0.9482,0.2227,0.1056,0.64,41
선도전기,0.424,0.5395,0.3659,0.3678,1.43,124
유니트론텍,0.424,0.1403,0.7254,0.4074,0.77,97
사피엔반도체,0.4238,0.2384,0.2762,0.7582,1.59,39
엑스게이트,0.4227,0.4401,0.5603,0.2691,1.21,591
휴스틸,0.4222,0.4837,0.5923,0.1921,0.75,34
금호석유화학,0.4222,0.109,0.7051,0.4537,0.81,124
엘앤씨바이오,0.422,0.3106,0.5923,0.3644,1.4,297
기가비스,0.4212,0.2575,0.491,0.5163,2.62,227
케이씨씨,0.4199,0.3243,0.5593,0.3774,1.3,214
한국콜마,0.4196,0.1008,0.6961,0.4632,0.47,166
LF,0.419,0.0858,0.5942,0.5783,1.32,11
헥토이노베이션,0.4187,0.1553,0.7233,0.3787,0.51,11
제넥신,0.4169,0.6471,0.4657,0.139,0.32,11
넥스트바이오메디컬,0.4156,0.3828,0.5804,0.2847,0.56,37
동국제강,0.4152,0.2997,0.6733,0.2738,0.97,38
케이씨에스,0.4144,0.0654,0.6908,0.4884,0.76,201
와이제이링크,0.4123,0.4496,0.4983,0.2902,1.31,64
삼익THK,0.4121,0.6975,0.5359,0.0041,0.15,29
한국금융지주,0.4119,0.1458,0.3978,0.6935,1.59,739
HS효성첨단소재,0.4104,0.4564,0.5675,0.2084,0.58,37
GS,0.4103,0.1376,0.6076,0.4871,1.46,209
오픈엣지테크놀로지,0.4101,0.5668,0.3031,0.3617,0.56,29
삼화콘덴서공업,0.4101,0.0041,0.6961,0.5313,1.76,2393
비에이치,0.4098,0.2684,0.5352,0.4271,1.87,270
아주IB투자,0.4083,0.2779,0.3998,0.5484,2.27,1491
한미글로벌,0.4081,0.1322,0.7193,0.374,0.78,35
KH바텍,0.4079,0.0559,0.7044,0.4646,0.67,29
심텍,0.4076,0.3556,0.3508,0.5177,2.32,1286
CJ대한통운,0.4059,0.3583,0.6139,0.2466,0.48,63
빅텍,0.4037,0.5559,0.5821,0.0743,0.31,32
유니퀘스트,0.4024,0.0872,0.7166,0.4046,0.64,28
하이비젼시스템,0.4019,0.3447,0.6893,0.173,0.5,18
신성이엔지,0.4016,0.2452,0.5446,0.4162,1.82,220
우리넷,0.4004,0.2207,0.584,0.3978,1.45,74
엔젤로보틱스,0.3994,0.4142,0.4195,0.3658,0.8,41
슈프리마,0.3988,0.0341,0.7261,0.4373,0.7,16
한국단자공업,0.3982,0.0668,0.7127,0.4162,1.04,22
대덕전자,0.3975,0.0954,0.5847,0.5136,3.43,2017
노바텍,0.3974,0.2888,0.7132,0.1914,0.37,12
LS머트리얼즈,0.3966,0.252,0.5868,0.3522,1.4,297
와이바이오로직스,0.3959,0.2875,0.4075,0.4939,1.27,22
펄어비스,0.3935,0.4033,0.6109,0.1676,0.57,245
SV인베스트먼트,0.3932,0.0259,0.3988,0.7561,1.51,34
아이쓰리시스템,0.3931,0.1621,0.6477,0.3706,0.42,54
대양전기공업,0.3929,0.0409,0.7093,0.4298,0.49,14
오늘이엔엠,0.3926,0.3924,0.35,0.4366,1.58,17
명신산업,0.3919,0.2793,0.6027,0.295,0.9,23
대성하이텍,0.3895,0.0722,0.4237,0.6737,1.27,24
다우기술,0.3894,0.1785,0.5775,0.4135,0.93,28
파워넷,0.3893,0.0695,0.5813,0.5184,1.69,93
한국무브넥스,0.3893,0.1744,0.6691,0.3256,0.49,15
예스티,0.3882,0.0477,0.6881,0.4298,0.89,105
나노신소재,0.3873,0.1226,0.6761,0.3644,0.99,66
현대바이오,0.3869,0.346,0.5087,0.3072,1.36,390
인터플렉스,0.3862,0.0463,0.719,0.3944,1.11,17
나무기술,0.3859,0.1826,0.4947,0.4816,1.71,538
컨텍,0.3857,0.2289,0.5519,0.3774,1.37,49
SGC에너지,0.3856,0.3324,0.4106,0.4149,1.55,59
코스텍시스,0.3854,0.2193,0.4679,0.47,2.15,132
진흥기업,0.3842,0.3025,0.5385,0.3127,0.97,22
코스메카코리아,0.3838,0.0177,0.7241,0.4108,1.07,51
아이씨티케이,0.3819,0.4005,0.5079,0.2384,0.6,533
에스티아이,0.3819,0.0599,0.6903,0.3965,1.01,59
텔레칩스,0.3798,0.154,0.5171,0.4693,0.7,48
비나텍,0.3791,0.1499,0.4968,0.4918,2.37,195
오름테라퓨틱,0.3791,0.312,0.3584,0.468,2.17,194
교보증권,0.3785,0.139,0.3634,0.6342,1.18,12
서흥,0.3764,0.1144,0.6677,0.3481,0.56,11
티에이치엔,0.3761,0.0232,0.5573,0.549,1.89,66
파트론,0.3727,0.2084,0.6913,0.2193,0.57,18
흥아해운,0.3724,0.2507,0.5876,0.28,0.65,406
지니너스,0.3723,0.1853,0.398,0.5347,1.11,11
계룡건설산업,0.3707,0.3297,0.4838,0.2997,0.59,18
코오롱,0.3703,0.4373,0.4491,0.2255,1.04,50
디아이씨,0.3699,0.094,0.5564,0.4605,0.94,197
롯데에너지머티리얼즈,0.3686,0.1866,0.5402,0.3801,1.76,236
선익시스템,0.3684,0.0817,0.2901,0.7343,1.59,97
KG케미칼,0.3675,0.0313,0.7032,0.3692,0.57,15
인피니트헬스케어,0.367,0.4687,0.5373,0.096,0.34,11
우리로,0.3654,0.1022,0.4848,0.5102,2.4,382
에코프로에이치엔,0.3645,0.2834,0.5851,0.2262,0.55,108
우리금융지주,0.363,0.2112,0.3517,0.5272,1.47,778
아진엑스텍,0.3626,0.1253,0.5493,0.4142,1.92,54
넥스틴,0.3625,0.1839,0.7016,0.203,0.66,83
파세코,0.3613,0.1512,0.5521,0.3815,0.77,13
삼성카드,0.3607,0.4414,0.3577,0.2841,0.19,120
네오셈,0.3605,0.0381,0.6965,0.3481,1.01,101
액트로,0.3601,0.015,0.5834,0.483,1.97,10
S-Oil,0.3563,0.173,0.5156,0.3815,1.45,430
BNK금융지주,0.356,0.233,0.3471,0.4891,1.42,248
우진엔텍,0.3557,0.2098,0.6866,0.1717,0.44,19
제주은행,0.3541,0.5,0.3292,0.2343,0.51,283
서울보증보험,0.3531,0.421,0.4024,0.2371,0.54,34
앱클론,0.3497,0.0272,0.35,0.673,2.04,111
GRT,0.3481,0.0014,0.6147,0.4292,0.52,26
뷰웍스,0.3455,0.0218,0.6862,0.3297,1.05,15
셀비온,0.3436,0.4074,0.2587,0.3658,0.71,17
한온시스템,0.3408,0.3215,0.4068,0.295,1.27,1442
와이씨켐,0.3404,0.2044,0.4357,0.3822,0.37,92
웨이비스,0.3387,0.3978,0.3815,0.2377,0.87,25
메디포스트,0.3387,0.3365,0.4162,0.2643,1.02,38
알에스오토메이션,0.3345,0.0613,0.514,0.4292,0.65,34
두산밥캣,0.3336,0.0708,0.6155,0.3154,0.93,205
아세아제지,0.333,0.045,0.6949,0.2602,0.37,13
인터로조,0.3329,0.1294,0.685,0.1853,0.51,20
유진로봇,0.3306,0.1158,0.4791,0.3978,1.7,102
뉴로메카,0.3291,0.267,0.1573,0.564,1.72,165
SNT모티브,0.3288,0.0368,0.7067,0.2439,0.4,27
하이젠알앤엠,0.3264,0.4728,0.4107,0.0967,0.61,60
동운아나텍,0.3262,0.1608,0.3475,0.4714,2,48
제이에스코퍼레이션,0.3261,0.0354,0.5038,0.4401,0.67,18
나노팀,0.3249,0.2398,0.4533,0.2827,1.17,262
플리토,0.3242,0.2302,0.4618,0.2813,0.38,17
한화손해보험,0.3241,0.2057,0.3964,0.3713,0.52,92
상아프론테크,0.3197,0.0777,0.6733,0.2091,0.68,15
삼성화재해상보험,0.3196,0.2343,0.3869,0.3386,0.72,1321
이노스페이스,0.3191,0.4046,0.35,0.2037,0.92,72
일진파워,0.3189,0.1526,0.5516,0.2534,0.91,42
신흥에스이씨,0.3178,0.0531,0.4904,0.4108,1.66,27
삼화전기,0.3175,0.1049,0.6598,0.1887,0.61,116
다날,0.3173,0.1935,0.5822,0.1771,0.57,59
아스플로,0.3172,0.0245,0.441,0.4871,2.23,32
레이크머티리얼즈,0.317,0.0123,0.578,0.3617,1.1,110
우진,0.317,0.0027,0.5881,0.361,1.32,59
인탑스,0.3138,0.0995,0.6768,0.1662,0.53,35
송원산업,0.3134,0.064,0.6817,0.1955,0.21,19
케이프,0.3128,0.2125,0.3657,0.361,1.23,12
성광벤드,0.3119,0.0068,0.7003,0.2296,0.33,66
CJ CGV,0.3098,0.3501,0.284,0.2963,0.28,21
DB손해보험,0.3087,0.0981,0.4093,0.4196,1.1,461
아바텍,0.3083,0.0191,0.5899,0.3168,1.15,123
금양그린파워,0.308,0.2861,0.4338,0.205,0.5,12
펨트론,0.3074,0.2275,0.3712,0.3243,1.22,40
파인엠텍,0.3067,0.0845,0.537,0.2997,1.24,35
더블유씨피,0.3037,0.1117,0.4774,0.3229,1.45,109
현대코퍼레이션,0.2998,0.1063,0.6062,0.188,0.26,14
롯데손해보험,0.2971,0.3161,0.3582,0.218,0.66,19
인텔리안테크,0.2962,0.0136,0.4173,0.4584,1.98,286
엘앤케이바이오,0.2933,0.3433,0.4612,0.0763,0.34,13
서연이화,0.2859,0.0054,0.6836,0.1696,0.4,15
비씨엔씨,0.2846,0.0286,0.4841,0.342,1.45,10
동화기업,0.2833,0.188,0.481,0.1819,0.57,10
롯데관광개발,0.2822,0.1035,0.248,0.4959,0.84,114
필에너지,0.2816,0.1717,0.5303,0.1437,0.82,12
엘오티베큠,0.2807,0.0395,0.5535,0.25,1.11,21
라온텍,0.2796,0.2016,0.2197,0.4183,1.9,73
유진증권,0.2775,0.1199,0.3305,0.3828,1.19,59
JB금융지주,0.2747,0.1335,0.3692,0.3222,0.57,276
와이솔,0.2735,0.0926,0.5604,0.1683,0.79,26
에스오에스랩,0.2718,0.4196,0.2126,0.1839,0.59,54
태양금속공업,0.2709,0.0736,0.5696,0.1703,0.24,41
아이텍,0.269,0.1185,0.5783,0.111,0.48,35
이수화학,0.2646,0.1757,0.3599,0.2589,1.22,388
제노코,0.2617,0.0681,0.4113,0.3065,0.72,27
아진산업,0.2604,0.1649,0.3854,0.2316,0.87,22
아이엠티,0.2532,0.2847,0.2861,0.1894,0.86,16
파워로직스,0.2474,0.0886,0.5796,0.0749,0.34,11
호텔신라,0.2421,0.0804,0.4742,0.1723,0.86,200
넥스트칩,0.2409,0.2371,0.1541,0.3324,0.84,27
아바코,0.2365,0.0163,0.5869,0.1069,0.4,18
가온칩스,0.2288,0.079,0.4487,0.1594,0.88,74
성신양회,0.2148,0.0749,0.5014,0.0688,0.4,10
티로보틱스,0.2017,0.0095,0.2903,0.3059,1.15,46
